Year,State,Avg Temperature Index
1956,Alabama,63.6
1957,Alabama,63.95
1958,Alabama,61.22
1959,Alabama,62.96
1960,Alabama,61.54
1961,Alabama,61.93
1962,Alabama,63.05
1963,Alabama,61.73
1964,Alabama,62.4
1965,Alabama,63.02
1966,Alabama,61.67
1967,Alabama,61.92
1968,Alabama,61.01
1969,Alabama,61.37
1970,Alabama,62.12
1971,Alabama,62.69
1972,Alabama,62.97
1973,Alabama,63.07
1974,Alabama,63.12
1975,Alabama,62.82
1976,Alabama,60.68
1977,Alabama,62.46
1978,Alabama,61.87
1979,Alabama,61.36
1980,Alabama,62.48
1981,Alabama,62.0
1982,Alabama,63.34
1983,Alabama,61.2
1984,Alabama,62.82
1985,Alabama,62.81
1986,Alabama,64.09
1987,Alabama,63.05
1988,Alabama,62.08
1989,Alabama,62.2
1990,Alabama,64.92
1991,Alabama,63.97
1992,Alabama,62.12
1993,Alabama,62.33
1994,Alabama,63.07
1995,Alabama,63.04
1996,Alabama,62.13
1997,Alabama,62.37
1998,Alabama,65.12
1999,Alabama,64.16
2000,Alabama,63.57
2001,Alabama,63.04
2002,Alabama,63.58
2003,Alabama,62.75
2004,Alabama,63.33
2005,Alabama,63.39
2006,Alabama,64.2
2007,Alabama,64.42
2008,Alabama,62.93
2009,Alabama,62.92
2010,Alabama,62.71
2011,Alabama,63.84
2012,Alabama,64.92
2013,Alabama,62.61
2014,Alabama,62.04
2015,Alabama,64.64
2016,Alabama,65.27
1956,Arizona,59.54
1957,Arizona,59.54
1958,Arizona,60.39
1959,Arizona,60.21
1960,Arizona,59.58
1961,Arizona,59.27
1962,Arizona,59.84
1963,Arizona,59.79
1964,Arizona,57.77
1965,Arizona,58.48
1966,Arizona,59.51
1967,Arizona,59.02
1968,Arizona,58.65
1969,Arizona,59.7
1970,Arizona,58.98
1971,Arizona,58.22
1972,Arizona,59.65
1973,Arizona,58.4
1974,Arizona,59.49
1975,Arizona,57.89
1976,Arizona,58.97
1977,Arizona,60.22
1978,Arizona,59.82
1979,Arizona,58.82
1980,Arizona,60.23
1981,Arizona,61.32
1982,Arizona,58.74
1983,Arizona,59.2
1984,Arizona,59.44
1985,Arizona,59.55
1986,Arizona,60.58
1987,Arizona,59.32
1988,Arizona,60.23
1989,Arizona,61.23
1990,Arizona,59.73
1991,Arizona,59.25
1992,Arizona,59.59
1993,Arizona,59.81
1994,Arizona,60.55
1995,Arizona,61.01
1996,Arizona,61.88
1997,Arizona,60.53
1998,Arizona,59.28
1999,Arizona,60.78
2000,Arizona,61.68
2001,Arizona,61.21
2002,Arizona,61.18
2003,Arizona,61.9
2004,Arizona,60.42
2005,Arizona,61.15
2006,Arizona,61.12
2007,Arizona,61.59
2008,Arizona,60.63
2009,Arizona,61.08
2010,Arizona,60.39
2011,Arizona,60.34
2012,Arizona,62.11
2013,Arizona,60.46
2014,Arizona,62.25
2015,Arizona,61.75
2016,Arizona,62.23
1956,Arkansas,61.4
1957,Arkansas,60.58
1958,Arkansas,58.77
1959,Arkansas,60.01
1960,Arkansas,58.88
1961,Arkansas,59.13
1962,Arkansas,60.31
1963,Arkansas,60.34
1964,Arkansas,60.68
1965,Arkansas,61.02
1966,Arkansas,59.17
1967,Arkansas,59.88
1968,Arkansas,58.67
1969,Arkansas,59.52
1970,Arkansas,59.73
1971,Arkansas,60.46
1972,Arkansas,60.03
1973,Arkansas,60.58
1974,Arkansas,60.27
1975,Arkansas,59.9
1976,Arkansas,58.77
1977,Arkansas,60.77
1978,Arkansas,58.9
1979,Arkansas,57.99
1980,Arkansas,60.5
1981,Arkansas,60.24
1982,Arkansas,59.97
1983,Arkansas,58.87
1984,Arkansas,60.05
1985,Arkansas,59.84
1986,Arkansas,61.53
1987,Arkansas,61.06
1988,Arkansas,59.75
1989,Arkansas,58.98
1990,Arkansas,61.85
1991,Arkansas,61.31
1992,Arkansas,59.89
1993,Arkansas,59.33
1994,Arkansas,60.41
1995,Arkansas,60.48
1996,Arkansas,59.57
1997,Arkansas,59.67
1998,Arkansas,63.1
1999,Arkansas,62.17
2000,Arkansas,60.89
2001,Arkansas,61.23
2002,Arkansas,60.58
2003,Arkansas,60.27
2004,Arkansas,61.03
2005,Arkansas,61.97
2006,Arkansas,61.99
2007,Arkansas,61.81
2008,Arkansas,59.86
2009,Arkansas,59.93
2010,Arkansas,61.17
2011,Arkansas,61.82
2012,Arkansas,63.62
2013,Arkansas,59.64
2014,Arkansas,58.67
2015,Arkansas,61.4
2016,Arkansas,62.74
1956,California,56.97
1957,California,57.09
1958,California,58.88
1959,California,58.95
1960,California,58.05
1961,California,57.82
1962,California,57.38
1963,California,57.08
1964,California,56.57
1965,California,56.73
1966,California,58.01
1967,California,57.5
1968,California,57.6
1969,California,57.5
1970,California,57.83
1971,California,56.21
1972,California,57.26
1973,California,57.3
1974,California,57.62
1975,California,56.27
1976,California,57.47
1977,California,57.98
1978,California,57.62
1979,California,57.68
1980,California,58.08
1981,California,59.3
1982,California,56.33
1983,California,57.56
1984,California,58.22
1985,California,57.33
1986,California,58.88
1987,California,58.28
1988,California,58.75
1989,California,58.12
1990,California,57.97
1991,California,58.14
1992,California,59.28
1993,California,57.66
1994,California,58.01
1995,California,58.94
1996,California,59.57
1997,California,59.13
1998,California,56.72
1999,California,57.96
2000,California,58.8
2001,California,59.12
2002,California,58.85
2003,California,59.43
2004,California,58.86
2005,California,58.61
2006,California,58.64
2007,California,58.93
2008,California,58.92
2009,California,58.84
2010,California,57.72
2011,California,57.45
2012,California,59.51
2013,California,59.32
2014,California,61.45
2015,California,60.75
2016,California,60.16
1956,Colorado,45.09
1957,Colorado,44.12
1958,Colorado,45.51
1959,Colorado,44.77
1960,Colorado,44.22
1961,Colorado,43.86
1962,Colorado,45.07
1963,Colorado,46.18
1964,Colorado,43.59
1965,Colorado,44.18
1966,Colorado,44.63
1967,Colorado,44.77
1968,Colorado,43.63
1969,Colorado,44.68
1970,Colorado,44.3
1971,Colorado,44.07
1972,Colorado,44.6
1973,Colorado,43.38
1974,Colorado,44.42
1975,Colorado,43.51
1976,Colorado,44.7
1977,Colorado,46.29
1978,Colorado,44.54
1979,Colorado,43.5
1980,Colorado,45.6
1981,Colorado,47.07
1982,Colorado,44.09
1983,Colorado,44.41
1984,Colorado,43.69
1985,Colorado,44.13
1986,Colorado,46.32
1987,Colorado,45.26
1988,Colorado,45.11
1989,Colorado,45.39
1990,Colorado,45.6
1991,Colorado,45.04
1992,Colorado,45.28
1993,Colorado,43.83
1994,Colorado,46.52
1995,Colorado,45.7
1996,Colorado,45.77
1997,Colorado,44.84
1998,Colorado,46.25
1999,Colorado,46.64
2000,Colorado,47.01
2001,Colorado,46.87
2002,Colorado,46.08
2003,Colorado,47.04
2004,Colorado,45.86
2005,Colorado,46.78
2006,Colorado,46.51
2007,Colorado,46.19
2008,Colorado,44.94
2009,Colorado,45.18
2010,Colorado,46.16
2011,Colorado,45.43
2012,Colorado,48.32
2013,Colorado,45.09
2014,Colorado,46.07
2015,Colorado,47.43
2016,Colorado,47.29
1956,Connecticut,47.62
1957,Connecticut,49.22
1958,Connecticut,46.63
1959,Connecticut,49.22
1960,Connecticut,47.98
1961,Connecticut,48.29
1962,Connecticut,46.75
1963,Connecticut,47.2
1964,Connecticut,48.0
1965,Connecticut,47.53
1966,Connecticut,47.95
1967,Connecticut,47.13
1968,Connecticut,47.75
1969,Connecticut,47.96
1970,Connecticut,47.75
1971,Connecticut,48.27
1972,Connecticut,47.3
1973,Connecticut,50.05
1974,Connecticut,48.23
1975,Connecticut,49.06
1976,Connecticut,47.59
1977,Connecticut,48.19
1978,Connecticut,46.73
1979,Connecticut,48.83
1980,Connecticut,47.94
1981,Connecticut,48.41
1982,Connecticut,47.95
1983,Connecticut,49.42
1984,Connecticut,48.95
1985,Connecticut,48.67
1986,Connecticut,48.5
1987,Connecticut,48.83
1988,Connecticut,48.32
1989,Connecticut,47.94
1990,Connecticut,51.07
1991,Connecticut,50.96
1992,Connecticut,47.68
1993,Connecticut,48.65
1994,Connecticut,48.87
1995,Connecticut,49.04
1996,Connecticut,48.38
1997,Connecticut,48.66
1998,Connecticut,51.59
1999,Connecticut,50.85
2000,Connecticut,48.53
2001,Connecticut,50.24
2002,Connecticut,50.47
2003,Connecticut,48.17
2004,Connecticut,48.77
2005,Connecticut,49.51
2006,Connecticut,51.13
2007,Connecticut,49.53
2008,Connecticut,49.71
2009,Connecticut,48.84
2010,Connecticut,51.35
2011,Connecticut,50.86
2012,Connecticut,52.47
2013,Connecticut,49.79
2014,Connecticut,48.68
2015,Connecticut,49.84
2016,Connecticut,51.62
1956,Delaware,54.31
1957,Delaware,55.14
1958,Delaware,52.43
1959,Delaware,55.74
1960,Delaware,53.47
1961,Delaware,53.96
1962,Delaware,52.88
1963,Delaware,53.02
1964,Delaware,54.18
1965,Delaware,53.65
1966,Delaware,53.34
1967,Delaware,52.62
1968,Delaware,53.92
1969,Delaware,53.4
1970,Delaware,53.96
1971,Delaware,54.55
1972,Delaware,53.57
1973,Delaware,55.63
1974,Delaware,54.66
1975,Delaware,55.22
1976,Delaware,53.77
1977,Delaware,54.63
1978,Delaware,52.91
1979,Delaware,53.78
1980,Delaware,54.08
1981,Delaware,53.59
1982,Delaware,53.98
1983,Delaware,54.91
1984,Delaware,54.69
1985,Delaware,55.36
1986,Delaware,55.09
1987,Delaware,54.9
1988,Delaware,54.11
1989,Delaware,54.19
1990,Delaware,57.19
1991,Delaware,56.94
1992,Delaware,53.91
1993,Delaware,54.84
1994,Delaware,55.02
1995,Delaware,55.12
1996,Delaware,54.02
1997,Delaware,54.84
1998,Delaware,57.41
1999,Delaware,56.51
2000,Delaware,54.74
2001,Delaware,56.1
2002,Delaware,57.15
2003,Delaware,54.58
2004,Delaware,55.83
2005,Delaware,55.72
2006,Delaware,57.33
2007,Delaware,56.28
2008,Delaware,56.33
2009,Delaware,55.43
2010,Delaware,56.67
2011,Delaware,57.43
2012,Delaware,58.47
2013,Delaware,55.83
2014,Delaware,54.72
2015,Delaware,56.43
2016,Delaware,57.22
1956,Florida,69.94
1957,Florida,70.99
1958,Florida,68.98
1959,Florida,70.62
1960,Florida,69.32
1961,Florida,70.01
1962,Florida,69.85
1963,Florida,69.22
1964,Florida,70.05
1965,Florida,70.21
1966,Florida,69.02
1967,Florida,70.22
1968,Florida,68.61
1969,Florida,69.0
1970,Florida,69.44
1971,Florida,70.42
1972,Florida,70.97
1973,Florida,70.26
1974,Florida,70.87
1975,Florida,71.21
1976,Florida,68.98
1977,Florida,69.44
1978,Florida,69.75
1979,Florida,69.88
1980,Florida,69.94
1981,Florida,69.27
1982,Florida,71.53
1983,Florida,69.27
1984,Florida,69.98
1985,Florida,70.83
1986,Florida,71.47
1987,Florida,70.18
1988,Florida,69.72
1989,Florida,70.96
1990,Florida,72.49
1991,Florida,71.78
1992,Florida,70.28
1993,Florida,70.3
1994,Florida,71.55
1995,Florida,70.81
1996,Florida,69.9
1997,Florida,71.14
1998,Florida,72.51
1999,Florida,71.17
2000,Florida,70.58
2001,Florida,70.94
2002,Florida,71.31
2003,Florida,70.88
2004,Florida,70.83
2005,Florida,70.84
2006,Florida,71.37
2007,Florida,71.75
2008,Florida,70.83
2009,Florida,71.17
2010,Florida,69.19
2011,Florida,71.68
2012,Florida,71.89
2013,Florida,71.69
2014,Florida,70.64
2015,Florida,73.36
2016,Florida,72.51
1956,Georgia,63.78
1957,Georgia,64.1
1958,Georgia,61.84
1959,Georgia,63.52
1960,Georgia,62.02
1961,Georgia,62.59
1962,Georgia,63.09
1963,Georgia,61.88
1964,Georgia,62.57
1965,Georgia,63.15
1966,Georgia,61.73
1967,Georgia,62.43
1968,Georgia,61.63
1969,Georgia,61.7
1970,Georgia,62.83
1971,Georgia,63.32
1972,Georgia,63.47
1973,Georgia,63.45
1974,Georgia,63.83
1975,Georgia,63.73
1976,Georgia,61.48
1977,Georgia,62.85
1978,Georgia,62.61
1979,Georgia,62.27
1980,Georgia,63.03
1981,Georgia,62.35
1982,Georgia,63.93
1983,Georgia,61.93
1984,Georgia,63.32
1985,Georgia,63.76
1986,Georgia,65.04
1987,Georgia,63.28
1988,Georgia,62.4
1989,Georgia,63.23
1990,Georgia,65.66
1991,Georgia,64.55
1992,Georgia,62.74
1993,Georgia,63.24
1994,Georgia,63.63
1995,Georgia,63.49
1996,Georgia,62.65
1997,Georgia,63.22
1998,Georgia,65.69
1999,Georgia,64.49
2000,Georgia,63.36
2001,Georgia,63.94
2002,Georgia,64.36
2003,Georgia,63.32
2004,Georgia,63.98
2005,Georgia,63.79
2006,Georgia,64.55
2007,Georgia,64.8
2008,Georgia,63.52
2009,Georgia,63.42
2010,Georgia,62.96
2011,Georgia,64.65
2012,Georgia,65.5
2013,Georgia,63.4
2014,Georgia,62.97
2015,Georgia,65.32
2016,Georgia,65.84
1956,Hawaii,42.01
1957,Hawaii,42.07
1958,Hawaii,44.48
1959,Hawaii,42.63
1960,Hawaii,42.27
1961,Hawaii,43.58
1962,Hawaii,42.43
1963,Hawaii,43.49
1964,Hawaii,40.6
1965,Hawaii,42.48
1966,Hawaii,43.48
1967,Hawaii,43.59
1968,Hawaii,42.31
1969,Hawaii,42.76
1970,Hawaii,42.48
1971,Hawaii,41.71
1972,Hawaii,42.13
1973,Hawaii,42.78
1974,Hawaii,43.04
1975,Hawaii,41.17
1976,Hawaii,42.15
1977,Hawaii,42.99
1978,Hawaii,42.38
1979,Hawaii,42.37
1980,Hawaii,43.26
1981,Hawaii,44.34
1982,Hawaii,41.06
1983,Hawaii,42.88
1984,Hawaii,40.77
1985,Hawaii,39.67
1986,Hawaii,44.07
1987,Hawaii,44.51
1988,Hawaii,44.18
1989,Hawaii,42.75
1990,Hawaii,43.46
1991,Hawaii,43.27
1992,Hawaii,44.98
1993,Hawaii,40.93
1994,Hawaii,44.32
1995,Hawaii,43.66
1996,Hawaii,43.17
1997,Hawaii,43.23
1998,Hawaii,44.32
1999,Hawaii,43.59
2000,Hawaii,43.93
2001,Hawaii,44.26
2002,Hawaii,42.97
2003,Hawaii,45.38
2004,Hawaii,44.15
2005,Hawaii,43.58
2006,Hawaii,44.18
2007,Hawaii,44.78
2008,Hawaii,42.53
2009,Hawaii,42.82
2010,Hawaii,43.33
2011,Hawaii,42.38
2012,Hawaii,45.1
2013,Hawaii,43.71
2014,Hawaii,45.1
2015,Hawaii,46.38
2016,Hawaii,45.15
1956,Idaho,52.65
1957,Idaho,51.84
1958,Idaho,50.07
1959,Idaho,51.89
1960,Idaho,50.32
1961,Idaho,51.12
1962,Idaho,50.91
1963,Idaho,50.68
1964,Idaho,52.49
1965,Idaho,51.95
1966,Idaho,50.58
1967,Idaho,50.56
1968,Idaho,51.14
1969,Idaho,50.41
1970,Idaho,51.22
1971,Idaho,52.23
1972,Idaho,50.33
1973,Idaho,53.05
1974,Idaho,51.62
1975,Idaho,51.99
1976,Idaho,50.37
1977,Idaho,51.51
1978,Idaho,49.57
1979,Idaho,49.37
1980,Idaho,51.31
1981,Idaho,51.75
1982,Idaho,50.68
1983,Idaho,52.0
1984,Idaho,51.82
1985,Idaho,50.65
1986,Idaho,52.83
1987,Idaho,54.09
1988,Idaho,52.12
1989,Idaho,50.4
1990,Idaho,53.56
1991,Idaho,53.74
1992,Idaho,51.89
1993,Idaho,50.88
1994,Idaho,52.0
1995,Idaho,51.61
1996,Idaho,50.13
1997,Idaho,50.97
1998,Idaho,55.22
1999,Idaho,53.54
2000,Idaho,52.2
2001,Idaho,53.39
2002,Idaho,53.24
2003,Idaho,51.72
2004,Idaho,52.58
2005,Idaho,53.69
2006,Idaho,54.0
2007,Idaho,53.68
2008,Idaho,50.93
2009,Idaho,51.43
2010,Idaho,52.89
2011,Idaho,53.15
2012,Idaho,55.77
2013,Idaho,51.08
2014,Idaho,49.49
2015,Idaho,52.89
2016,Idaho,54.72
1956,Illinois,52.13
1957,Illinois,51.62
1958,Illinois,49.45
1959,Illinois,51.99
1960,Illinois,50.07
1961,Illinois,50.82
1962,Illinois,50.52
1963,Illinois,49.64
1964,Illinois,51.95
1965,Illinois,51.57
1966,Illinois,50.16
1967,Illinois,50.28
1968,Illinois,50.72
1969,Illinois,50.14
1970,Illinois,50.98
1971,Illinois,51.57
1972,Illinois,50.22
1973,Illinois,52.92
1974,Illinois,51.29
1975,Illinois,52.0
1976,Illinois,49.97
1977,Illinois,51.04
1978,Illinois,49.05
1979,Illinois,49.25
1980,Illinois,50.54
1981,Illinois,50.81
1982,Illinois,50.72
1983,Illinois,51.82
1984,Illinois,51.27
1985,Illinois,51.03
1986,Illinois,52.4
1987,Illinois,53.22
1988,Illinois,51.29
1989,Illinois,50.18
1990,Illinois,53.29
1991,Illinois,53.72
1992,Illinois,51.28
1993,Illinois,50.77
1994,Illinois,51.5
1995,Illinois,51.5
1996,Illinois,50.06
1997,Illinois,50.5
1998,Illinois,54.95
1999,Illinois,53.23
2000,Illinois,51.57
2001,Illinois,53.17
2002,Illinois,53.12
2003,Illinois,51.07
2004,Illinois,52.22
2005,Illinois,52.86
2006,Illinois,53.43
2007,Illinois,53.31
2008,Illinois,51.04
2009,Illinois,51.29
2010,Illinois,52.61
2011,Illinois,53.07
2012,Illinois,55.14
2013,Illinois,51.21
2014,Illinois,49.41
2015,Illinois,52.31
2016,Illinois,54.26
1956,Indiana,48.11
1957,Indiana,47.54
1958,Indiana,46.86
1959,Indiana,46.89
1960,Indiana,46.1
1961,Indiana,46.69
1962,Indiana,46.48
1963,Indiana,47.69
1964,Indiana,48.53
1965,Indiana,46.73
1966,Indiana,46.38
1967,Indiana,46.63
1968,Indiana,47.63
1969,Indiana,46.05
1970,Indiana,46.92
1971,Indiana,47.43
1972,Indiana,45.51
1973,Indiana,48.74
1974,Indiana,47.62
1975,Indiana,47.39
1976,Indiana,47.37
1977,Indiana,48.37
1978,Indiana,45.32
1979,Indiana,45.13
1980,Indiana,48.02
1981,Indiana,48.97
1982,Indiana,46.08
1983,Indiana,47.66
1984,Indiana,47.78
1985,Indiana,45.9
1986,Indiana,48.56
1987,Indiana,51.18
1988,Indiana,48.71
1989,Indiana,46.6
1990,Indiana,49.47
1991,Indiana,48.59
1992,Indiana,47.85
1993,Indiana,45.68
1994,Indiana,47.47
1995,Indiana,47.26
1996,Indiana,45.18
1997,Indiana,47.12
1998,Indiana,50.93
1999,Indiana,49.66
2000,Indiana,48.63
2001,Indiana,49.07
2002,Indiana,49.17
2003,Indiana,47.92
2004,Indiana,48.53
2005,Indiana,49.62
2006,Indiana,50.39
2007,Indiana,48.89
2008,Indiana,45.92
2009,Indiana,46.7
2010,Indiana,48.19
2011,Indiana,48.42
2012,Indiana,52.08
2013,Indiana,46.66
2014,Indiana,45.46
2015,Indiana,49.27
2016,Indiana,50.71
1956,Iowa,55.93
1957,Iowa,53.65
1958,Iowa,53.16
1959,Iowa,53.58
1960,Iowa,52.67
1961,Iowa,52.66
1962,Iowa,54.32
1963,Iowa,55.84
1964,Iowa,54.88
1965,Iowa,54.47
1966,Iowa,53.47
1967,Iowa,53.85
1968,Iowa,53.48
1969,Iowa,53.14
1970,Iowa,54.01
1971,Iowa,53.85
1972,Iowa,53.2
1973,Iowa,53.99
1974,Iowa,54.38
1975,Iowa,53.73
1976,Iowa,54.2
1977,Iowa,55.45
1978,Iowa,52.7
1979,Iowa,52.3
1980,Iowa,55.08
1981,Iowa,55.67
1982,Iowa,53.04
1983,Iowa,53.19
1984,Iowa,53.98
1985,Iowa,52.54
1986,Iowa,56.21
1987,Iowa,55.47
1988,Iowa,54.73
1989,Iowa,53.14
1990,Iowa,55.51
1991,Iowa,55.72
1992,Iowa,54.16
1993,Iowa,51.95
1994,Iowa,54.92
1995,Iowa,53.93
1996,Iowa,53.08
1997,Iowa,53.67
1998,Iowa,56.32
1999,Iowa,55.99
2000,Iowa,55.55
2001,Iowa,55.92
2002,Iowa,55.18
2003,Iowa,54.97
2004,Iowa,55.08
2005,Iowa,55.89
2006,Iowa,56.88
2007,Iowa,55.07
2008,Iowa,53.59
2009,Iowa,53.6
2010,Iowa,55.27
2011,Iowa,55.21
2012,Iowa,58.23
2013,Iowa,53.73
2014,Iowa,53.71
2015,Iowa,56.31
2016,Iowa,57.17
1956,Kansas,56.1
1957,Kansas,56.09
1958,Kansas,53.04
1959,Kansas,55.83
1960,Kansas,53.64
1961,Kansas,54.49
1962,Kansas,54.67
1963,Kansas,53.68
1964,Kansas,55.59
1965,Kansas,55.59
1966,Kansas,53.78
1967,Kansas,54.4
1968,Kansas,54.0
1969,Kansas,53.9
1970,Kansas,55.04
1971,Kansas,55.44
1972,Kansas,54.74
1973,Kansas,56.26
1974,Kansas,55.46
1975,Kansas,55.77
1976,Kansas,53.33
1977,Kansas,54.79
1978,Kansas,53.39
1979,Kansas,53.43
1980,Kansas,54.63
1981,Kansas,54.34
1982,Kansas,55.32
1983,Kansas,55.05
1984,Kansas,55.32
1985,Kansas,55.04
1986,Kansas,56.63
1987,Kansas,56.48
1988,Kansas,54.82
1989,Kansas,54.34
1990,Kansas,57.33
1991,Kansas,57.37
1992,Kansas,55.08
1993,Kansas,55.0
1994,Kansas,55.39
1995,Kansas,55.37
1996,Kansas,54.41
1997,Kansas,54.49
1998,Kansas,58.19
1999,Kansas,57.26
2000,Kansas,55.67
2001,Kansas,56.59
2002,Kansas,56.85
2003,Kansas,55.24
2004,Kansas,56.41
2005,Kansas,56.79
2006,Kansas,56.82
2007,Kansas,57.72
2008,Kansas,55.37
2009,Kansas,55.39
2010,Kansas,56.02
2011,Kansas,56.93
2012,Kansas,58.42
2013,Kansas,55.04
2014,Kansas,54.36
2015,Kansas,56.57
2016,Kansas,58.02
1956,Kentucky,67.03
1957,Kentucky,67.08
1958,Kentucky,64.95
1959,Kentucky,65.8
1960,Kentucky,65.14
1961,Kentucky,65.07
1962,Kentucky,66.49
1963,Kentucky,65.87
1964,Kentucky,66.08
1965,Kentucky,66.84
1966,Kentucky,65.17
1967,Kentucky,65.78
1968,Kentucky,64.37
1969,Kentucky,65.63
1970,Kentucky,65.38
1971,Kentucky,66.49
1972,Kentucky,66.48
1973,Kentucky,66.24
1974,Kentucky,66.52
1975,Kentucky,66.09
1976,Kentucky,64.33
1977,Kentucky,66.06
1978,Kentucky,65.08
1979,Kentucky,64.55
1980,Kentucky,66.05
1981,Kentucky,66.05
1982,Kentucky,66.69
1983,Kentucky,64.37
1984,Kentucky,66.32
1985,Kentucky,66.36
1986,Kentucky,67.31
1987,Kentucky,66.0
1988,Kentucky,65.63
1989,Kentucky,65.45
1990,Kentucky,67.82
1991,Kentucky,66.92
1992,Kentucky,65.84
1993,Kentucky,65.61
1994,Kentucky,66.47
1995,Kentucky,66.78
1996,Kentucky,66.16
1997,Kentucky,66.04
1998,Kentucky,68.67
1999,Kentucky,67.88
2000,Kentucky,67.24
2001,Kentucky,66.67
2002,Kentucky,66.64
2003,Kentucky,66.38
2004,Kentucky,67.14
2005,Kentucky,67.53
2006,Kentucky,67.77
2007,Kentucky,67.39
2008,Kentucky,66.65
2009,Kentucky,66.85
2010,Kentucky,66.46
2011,Kentucky,67.73
2012,Kentucky,68.72
2013,Kentucky,66.26
2014,Kentucky,65.08
2015,Kentucky,68.1
2016,Kentucky,68.73
1956,Louisiana,39.33
1957,Louisiana,41.08
1958,Louisiana,39.62
1959,Louisiana,40.71
1960,Louisiana,41.23
1961,Louisiana,40.73
1962,Louisiana,39.01
1963,Louisiana,39.59
1964,Louisiana,40.1
1965,Louisiana,39.3
1966,Louisiana,41.08
1967,Louisiana,39.42
1968,Louisiana,39.75
1969,Louisiana,40.9
1970,Louisiana,40.11
1971,Louisiana,40.0
1972,Louisiana,38.52
1973,Louisiana,42.26
1974,Louisiana,39.6
1975,Louisiana,40.83
1976,Louisiana,39.53
1977,Louisiana,40.48
1978,Louisiana,39.3
1979,Louisiana,41.84
1980,Louisiana,39.55
1981,Louisiana,41.79
1982,Louisiana,39.86
1983,Louisiana,42.12
1984,Louisiana,41.36
1985,Louisiana,39.92
1986,Louisiana,40.07
1987,Louisiana,41.07
1988,Louisiana,40.92
1989,Louisiana,39.28
1990,Louisiana,42.41
1991,Louisiana,41.71
1992,Louisiana,39.82
1993,Louisiana,39.95
1994,Louisiana,40.42
1995,Louisiana,40.95
1996,Louisiana,40.98
1997,Louisiana,39.81
1998,Louisiana,43.51
1999,Louisiana,43.8
2000,Louisiana,40.94
2001,Louisiana,42.67
2002,Louisiana,41.71
2003,Louisiana,40.46
2004,Louisiana,40.45
2005,Louisiana,41.86
2006,Louisiana,43.97
2007,Louisiana,40.73
2008,Louisiana,41.62
2009,Louisiana,40.87
2010,Louisiana,44.64
2011,Louisiana,42.83
2012,Louisiana,43.86
2013,Louisiana,41.98
2014,Louisiana,41.19
2015,Louisiana,41.23
2016,Louisiana,43.25
1956,MaineMaryland,53.85
1957,MaineMaryland,54.57
1958,MaineMaryland,52.03
1959,MaineMaryland,55.23
1960,MaineMaryland,52.87
1961,MaineMaryland,53.53
1962,MaineMaryland,52.51
1963,MaineMaryland,52.48
1964,MaineMaryland,53.79
1965,MaineMaryland,53.47
1966,MaineMaryland,52.87
1967,MaineMaryland,52.43
1968,MaineMaryland,53.35
1969,MaineMaryland,53.02
1970,MaineMaryland,53.68
1971,MaineMaryland,54.06
1972,MaineMaryland,53.12
1973,MaineMaryland,55.08
1974,MaineMaryland,54.23
1975,MaineMaryland,54.61
1976,MaineMaryland,53.15
1977,MaineMaryland,53.93
1978,MaineMaryland,52.49
1979,MaineMaryland,53.08
1980,MaineMaryland,53.56
1981,MaineMaryland,53.09
1982,MaineMaryland,53.59
1983,MaineMaryland,54.16
1984,MaineMaryland,54.15
1985,MaineMaryland,54.77
1986,MaineMaryland,54.6
1987,MaineMaryland,54.7
1988,MaineMaryland,53.68
1989,MaineMaryland,53.54
1990,MaineMaryland,56.61
1991,MaineMaryland,56.5
1992,MaineMaryland,53.5
1993,MaineMaryland,54.23
1994,MaineMaryland,54.36
1995,MaineMaryland,54.41
1996,MaineMaryland,53.24
1997,MaineMaryland,54.07
1998,MaineMaryland,57.03
1999,MaineMaryland,55.71
2000,MaineMaryland,54.13
2001,MaineMaryland,55.33
2002,MaineMaryland,56.29
2003,MaineMaryland,53.93
2004,MaineMaryland,55.17
2005,MaineMaryland,55.18
2006,MaineMaryland,56.53
2007,MaineMaryland,55.69
2008,MaineMaryland,55.32
2009,MaineMaryland,54.62
2010,MaineMaryland,55.87
2011,MaineMaryland,56.52
2012,MaineMaryland,57.5
2013,MaineMaryland,54.72
2014,MaineMaryland,53.59
2015,MaineMaryland,55.48
2016,MaineMaryland,56.43
1956,Massachusetts,46.36
1957,Massachusetts,48.23
1958,Massachusetts,45.71
1959,Massachusetts,47.9
1960,Massachusetts,46.88
1961,Massachusetts,47.04
1962,Massachusetts,45.57
1963,Massachusetts,46.32
1964,Massachusetts,46.81
1965,Massachusetts,46.31
1966,Massachusetts,46.89
1967,Massachusetts,46.02
1968,Massachusetts,46.49
1969,Massachusetts,47.17
1970,Massachusetts,46.67
1971,Massachusetts,47.07
1972,Massachusetts,45.94
1973,Massachusetts,48.98
1974,Massachusetts,47.11
1975,Massachusetts,48.0
1976,Massachusetts,46.58
1977,Massachusetts,47.14
1978,Massachusetts,45.7
1979,Massachusetts,47.88
1980,Massachusetts,46.58
1981,Massachusetts,47.23
1982,Massachusetts,46.78
1983,Massachusetts,48.47
1984,Massachusetts,47.97
1985,Massachusetts,47.25
1986,Massachusetts,47.18
1987,Massachusetts,47.41
1988,Massachusetts,47.22
1989,Massachusetts,46.65
1990,Massachusetts,49.67
1991,Massachusetts,49.57
1992,Massachusetts,46.4
1993,Massachusetts,47.31
1994,Massachusetts,47.66
1995,Massachusetts,47.8
1996,Massachusetts,47.33
1997,Massachusetts,47.37
1998,Massachusetts,50.38
1999,Massachusetts,49.78
2000,Massachusetts,47.52
2001,Massachusetts,49.09
2002,Massachusetts,49.35
2003,Massachusetts,47.12
2004,Massachusetts,47.63
2005,Massachusetts,48.4
2006,Massachusetts,50.12
2007,Massachusetts,48.29
2008,Massachusetts,48.62
2009,Massachusetts,47.75
2010,Massachusetts,50.35
2011,Massachusetts,49.67
2012,Massachusetts,51.35
2013,Massachusetts,48.82
2014,Massachusetts,47.73
2015,Massachusetts,48.46
2016,Massachusetts,50.29
1956,Michigan,43.45
1957,Michigan,43.63
1958,Michigan,42.88
1959,Michigan,43.77
1960,Michigan,43.27
1961,Michigan,44.15
1962,Michigan,42.92
1963,Michigan,42.89
1964,Michigan,44.7
1965,Michigan,42.98
1966,Michigan,43.35
1967,Michigan,42.64
1968,Michigan,44.01
1969,Michigan,43.43
1970,Michigan,43.58
1971,Michigan,43.99
1972,Michigan,41.72
1973,Michigan,45.62
1974,Michigan,43.28
1975,Michigan,44.61
1976,Michigan,42.65
1977,Michigan,44.02
1978,Michigan,42.4
1979,Michigan,42.4
1980,Michigan,42.86
1981,Michigan,44.03
1982,Michigan,43.21
1983,Michigan,44.73
1984,Michigan,44.31
1985,Michigan,43.48
1986,Michigan,44.48
1987,Michigan,46.88
1988,Michigan,44.52
1989,Michigan,42.63
1990,Michigan,45.67
1991,Michigan,45.85
1992,Michigan,43.35
1993,Michigan,43.25
1994,Michigan,43.87
1995,Michigan,44.22
1996,Michigan,42.52
1997,Michigan,43.54
1998,Michigan,48.26
1999,Michigan,46.37
2000,Michigan,45.02
2001,Michigan,46.8
2002,Michigan,45.74
2003,Michigan,43.97
2004,Michigan,44.58
2005,Michigan,46.06
2006,Michigan,47.02
2007,Michigan,46.09
2008,Michigan,44.04
2009,Michigan,43.78
2010,Michigan,47.08
2011,Michigan,45.62
2012,Michigan,48.43
2013,Michigan,44.07
2014,Michigan,41.9
2015,Michigan,45.11
2016,Michigan,47.38
1956,Minnesota,39.63
1957,Minnesota,40.07
1958,Minnesota,40.6
1959,Minnesota,40.14
1960,Minnesota,39.84
1961,Minnesota,41.06
1962,Minnesota,39.77
1963,Minnesota,41.2
1964,Minnesota,40.88
1965,Minnesota,38.27
1966,Minnesota,38.59
1967,Minnesota,38.92
1968,Minnesota,40.58
1969,Minnesota,39.54
1970,Minnesota,39.11
1971,Minnesota,39.65
1972,Minnesota,37.68
1973,Minnesota,42.27
1974,Minnesota,40.15
1975,Minnesota,40.12
1976,Minnesota,40.5
1977,Minnesota,41.2
1978,Minnesota,39.05
1979,Minnesota,37.81
1980,Minnesota,40.71
1981,Minnesota,42.55
1982,Minnesota,39.02
1983,Minnesota,41.39
1984,Minnesota,41.33
1985,Minnesota,38.7
1986,Minnesota,41.5
1987,Minnesota,45.27
1988,Minnesota,41.55
1989,Minnesota,39.11
1990,Minnesota,42.46
1991,Minnesota,41.76
1992,Minnesota,40.89
1993,Minnesota,38.93
1994,Minnesota,40.92
1995,Minnesota,40.33
1996,Minnesota,37.63
1997,Minnesota,40.57
1998,Minnesota,44.91
1999,Minnesota,43.7
2000,Minnesota,41.83
2001,Minnesota,43.05
2002,Minnesota,42.05
2003,Minnesota,41.52
2004,Minnesota,41.3
2005,Minnesota,43.08
2006,Minnesota,44.4
2007,Minnesota,42.4
2008,Minnesota,39.44
2009,Minnesota,40.12
2010,Minnesota,42.85
2011,Minnesota,42.02
2012,Minnesota,45.21
2013,Minnesota,39.33
2014,Minnesota,38.67
2015,Minnesota,43.51
2016,Minnesota,44.54
1956,Mississippi,64.38
1957,Mississippi,64.27
1958,Mississippi,61.73
1959,Mississippi,63.3
1960,Mississippi,62.08
1961,Mississippi,62.33
1962,Mississippi,63.66
1963,Mississippi,62.68
1964,Mississippi,63.21
1965,Mississippi,63.85
1966,Mississippi,62.25
1967,Mississippi,62.56
1968,Mississippi,61.5
1969,Mississippi,62.31
1970,Mississippi,62.6
1971,Mississippi,63.38
1972,Mississippi,63.53
1973,Mississippi,63.74
1974,Mississippi,63.48
1975,Mississippi,63.3
1976,Mississippi,61.42
1977,Mississippi,63.32
1978,Mississippi,62.22
1979,Mississippi,61.63
1980,Mississippi,63.07
1981,Mississippi,63.09
1982,Mississippi,63.76
1983,Mississippi,61.69
1984,Mississippi,63.34
1985,Mississippi,63.2
1986,Mississippi,64.56
1987,Mississippi,63.53
1988,Mississippi,62.71
1989,Mississippi,62.44
1990,Mississippi,65.09
1991,Mississippi,64.34
1992,Mississippi,62.82
1993,Mississippi,62.71
1994,Mississippi,63.55
1995,Mississippi,63.61
1996,Mississippi,63.02
1997,Mississippi,62.93
1998,Mississippi,65.86
1999,Mississippi,65.03
2000,Mississippi,64.22
2001,Mississippi,63.71
2002,Mississippi,63.99
2003,Mississippi,63.27
2004,Mississippi,64.03
2005,Mississippi,64.28
2006,Mississippi,64.77
2007,Mississippi,64.95
2008,Mississippi,63.33
2009,Mississippi,63.64
2010,Mississippi,63.5
2011,Mississippi,64.45
2012,Mississippi,65.68
2013,Mississippi,63.09
2014,Mississippi,62.32
2015,Mississippi,65.29
2016,Mississippi,65.96
1956,Missouri,55.72
1957,Missouri,54.53
1958,Missouri,53.01
1959,Missouri,54.28
1960,Missouri,53.13
1961,Missouri,53.3
1962,Missouri,54.02
1963,Missouri,54.52
1964,Missouri,55.13
1965,Missouri,55.03
1966,Missouri,53.4
1967,Missouri,53.74
1968,Missouri,53.37
1969,Missouri,53.44
1970,Missouri,54.08
1971,Missouri,54.84
1972,Missouri,53.74
1973,Missouri,55.24
1974,Missouri,54.46
1975,Missouri,54.64
1976,Missouri,53.62
1977,Missouri,54.87
1978,Missouri,52.61
1979,Missouri,52.05
1980,Missouri,54.98
1981,Missouri,54.91
1982,Missouri,53.52
1983,Missouri,53.97
1984,Missouri,54.39
1985,Missouri,53.01
1986,Missouri,55.92
1987,Missouri,56.34
1988,Missouri,54.57
1989,Missouri,53.03
1990,Missouri,56.2
1991,Missouri,56.07
1992,Missouri,54.53
1993,Missouri,52.97
1994,Missouri,54.69
1995,Missouri,54.19
1996,Missouri,52.95
1997,Missouri,53.69
1998,Missouri,57.17
1999,Missouri,56.37
2000,Missouri,55.15
2001,Missouri,55.81
2002,Missouri,55.32
2003,Missouri,54.51
2004,Missouri,54.97
2005,Missouri,56.25
2006,Missouri,56.77
2007,Missouri,56.19
2008,Missouri,53.45
2009,Missouri,53.97
2010,Missouri,55.21
2011,Missouri,55.66
2012,Missouri,58.55
2013,Missouri,53.62
2014,Missouri,52.88
2015,Missouri,55.84
2016,Missouri,57.44
1956,Montana,41.05
1957,Montana,40.72
1958,Montana,42.6
1959,Montana,40.26
1960,Montana,41.14
1961,Montana,42.81
1962,Montana,41.52
1963,Montana,42.74
1964,Montana,40.55
1965,Montana,39.73
1966,Montana,41.05
1967,Montana,41.53
1968,Montana,40.69
1969,Montana,39.91
1970,Montana,40.37
1971,Montana,40.42
1972,Montana,39.63
1973,Montana,41.96
1974,Montana,42.38
1975,Montana,39.33
1976,Montana,42.68
1977,Montana,41.59
1978,Montana,38.89
1979,Montana,40.17
1980,Montana,42.12
1981,Montana,43.96
1982,Montana,38.99
1983,Montana,41.84
1984,Montana,41.68
1985,Montana,39.14
1986,Montana,42.98
1987,Montana,44.61
1988,Montana,44.12
1989,Montana,40.83
1990,Montana,42.82
1991,Montana,42.96
1992,Montana,43.48
1993,Montana,39.65
1994,Montana,42.7
1995,Montana,41.74
1996,Montana,39.24
1997,Montana,42.22
1998,Montana,43.85
1999,Montana,44.06
2000,Montana,42.36
2001,Montana,43.65
2002,Montana,41.45
2003,Montana,43.34
2004,Montana,42.82
2005,Montana,43.07
2006,Montana,44.38
2007,Montana,44.03
2008,Montana,41.39
2009,Montana,41.15
2010,Montana,41.56
2011,Montana,41.58
2012,Montana,44.53
2013,Montana,42.39
2014,Montana,41.92
2015,Montana,44.87
2016,Montana,44.65
1956,Nebraska,49.28
1957,Nebraska,47.96
1958,Nebraska,47.86
1959,Nebraska,47.98
1960,Nebraska,46.95
1961,Nebraska,47.73
1962,Nebraska,48.15
1963,Nebraska,50.07
1964,Nebraska,48.59
1965,Nebraska,47.8
1966,Nebraska,47.46
1967,Nebraska,48.03
1968,Nebraska,48.03
1969,Nebraska,47.37
1970,Nebraska,48.25
1971,Nebraska,48.02
1972,Nebraska,47.21
1973,Nebraska,48.66
1974,Nebraska,49.24
1975,Nebraska,47.73
1976,Nebraska,48.97
1977,Nebraska,49.82
1978,Nebraska,46.13
1979,Nebraska,46.52
1980,Nebraska,49.52
1981,Nebraska,50.48
1982,Nebraska,47.04
1983,Nebraska,47.91
1984,Nebraska,48.26
1985,Nebraska,46.76
1986,Nebraska,50.25
1987,Nebraska,50.79
1988,Nebraska,49.6
1989,Nebraska,48.0
1990,Nebraska,49.99
1991,Nebraska,50.13
1992,Nebraska,48.93
1993,Nebraska,45.99
1994,Nebraska,49.24
1995,Nebraska,48.57
1996,Nebraska,46.61
1997,Nebraska,48.63
1998,Nebraska,50.62
1999,Nebraska,50.98
2000,Nebraska,49.93
2001,Nebraska,50.33
2002,Nebraska,50.01
2003,Nebraska,49.78
2004,Nebraska,49.82
2005,Nebraska,50.72
2006,Nebraska,51.12
2007,Nebraska,49.96
2008,Nebraska,47.7
2009,Nebraska,47.6
2010,Nebraska,49.34
2011,Nebraska,48.79
2012,Nebraska,52.72
2013,Nebraska,48.47
2014,Nebraska,48.03
2015,Nebraska,50.79
2016,Nebraska,51.63
1956,Nevada,49.17
1957,Nevada,48.76
1958,Nevada,50.97
1959,Nevada,50.34
1960,Nevada,50.15
1961,Nevada,49.95
1962,Nevada,49.57
1963,Nevada,49.81
1964,Nevada,48.1
1965,Nevada,48.65
1966,Nevada,50.08
1967,Nevada,49.58
1968,Nevada,49.56
1969,Nevada,49.74
1970,Nevada,49.29
1971,Nevada,48.38
1972,Nevada,49.38
1973,Nevada,49.32
1974,Nevada,50.12
1975,Nevada,48.25
1976,Nevada,49.52
1977,Nevada,50.31
1978,Nevada,49.38
1979,Nevada,49.64
1980,Nevada,50.35
1981,Nevada,51.83
1982,Nevada,48.12
1983,Nevada,49.47
1984,Nevada,48.77
1985,Nevada,48.69
1986,Nevada,51.45
1987,Nevada,50.58
1988,Nevada,50.68
1989,Nevada,50.15
1990,Nevada,50.04
1991,Nevada,49.89
1992,Nevada,51.38
1993,Nevada,48.63
1994,Nevada,50.77
1995,Nevada,50.93
1996,Nevada,51.55
1997,Nevada,50.58
1998,Nevada,49.19
1999,Nevada,50.57
2000,Nevada,51.48
2001,Nevada,51.56
2002,Nevada,50.8
2003,Nevada,52.24
2004,Nevada,50.83
2005,Nevada,50.67
2006,Nevada,50.79
2007,Nevada,51.53
2008,Nevada,50.43
2009,Nevada,50.38
2010,Nevada,50.07
2011,Nevada,49.57
2012,Nevada,52.37
2013,Nevada,50.5
2014,Nevada,53.05
2015,Nevada,52.89
2016,Nevada,51.92
1956,New Hampshire,41.57
1957,New Hampshire,43.4
1958,New Hampshire,41.31
1959,New Hampshire,43.24
1960,New Hampshire,42.65
1961,New Hampshire,42.85
1962,New Hampshire,41.11
1963,New Hampshire,41.85
1964,New Hampshire,42.17
1965,New Hampshire,41.65
1966,New Hampshire,42.33
1967,New Hampshire,41.65
1968,New Hampshire,41.78
1969,New Hampshire,42.74
1970,New Hampshire,42.32
1971,New Hampshire,42.24
1972,New Hampshire,41.18
1973,New Hampshire,44.41
1974,New Hampshire,42.32
1975,New Hampshire,43.34
1976,New Hampshire,41.72
1977,New Hampshire,42.76
1978,New Hampshire,41.18
1979,New Hampshire,43.48
1980,New Hampshire,41.67
1981,New Hampshire,43.25
1982,New Hampshire,42.06
1983,New Hampshire,44.01
1984,New Hampshire,43.56
1985,New Hampshire,42.43
1986,New Hampshire,42.71
1987,New Hampshire,43.06
1988,New Hampshire,42.72
1989,New Hampshire,41.73
1990,New Hampshire,44.98
1991,New Hampshire,44.52
1992,New Hampshire,41.8
1993,New Hampshire,42.52
1994,New Hampshire,42.72
1995,New Hampshire,43.27
1996,New Hampshire,42.98
1997,New Hampshire,42.31
1998,New Hampshire,45.98
1999,New Hampshire,45.41
2000,New Hampshire,42.99
2001,New Hampshire,44.58
2002,New Hampshire,44.53
2003,New Hampshire,42.5
2004,New Hampshire,42.99
2005,New Hampshire,44.04
2006,New Hampshire,45.78
2007,New Hampshire,43.11
2008,New Hampshire,43.87
2009,New Hampshire,42.97
2010,New Hampshire,46.0
2011,New Hampshire,44.93
2012,New Hampshire,46.59
2013,New Hampshire,44.21
2014,New Hampshire,43.05
2015,New Hampshire,43.59
2016,New Hampshire,45.72
1956,New Jersey,51.29
1957,New Jersey,52.5
1958,New Jersey,50.03
1959,New Jersey,52.89
1960,New Jersey,51.08
1961,New Jersey,51.5
1962,New Jersey,50.23
1963,New Jersey,50.47
1964,New Jersey,51.61
1965,New Jersey,51.04
1966,New Jersey,51.14
1967,New Jersey,50.32
1968,New Jersey,51.32
1969,New Jersey,51.26
1970,New Jersey,51.42
1971,New Jersey,51.97
1972,New Jersey,50.97
1973,New Jersey,53.42
1974,New Jersey,52.09
1975,New Jersey,52.78
1976,New Jersey,51.1
1977,New Jersey,51.84
1978,New Jersey,50.24
1979,New Jersey,51.64
1980,New Jersey,51.63
1981,New Jersey,51.48
1982,New Jersey,51.42
1983,New Jersey,52.62
1984,New Jersey,52.23
1985,New Jersey,52.51
1986,New Jersey,52.27
1987,New Jersey,52.38
1988,New Jersey,51.57
1989,New Jersey,51.47
1990,New Jersey,54.47
1991,New Jersey,54.38
1992,New Jersey,51.21
1993,New Jersey,52.22
1994,New Jersey,52.2
1995,New Jersey,52.47
1996,New Jersey,51.54
1997,New Jersey,52.07
1998,New Jersey,55.16
1999,New Jersey,54.09
2000,New Jersey,52.2
2001,New Jersey,53.64
2002,New Jersey,54.31
2003,New Jersey,51.84
2004,New Jersey,53.03
2005,New Jersey,53.45
2006,New Jersey,54.98
2007,New Jersey,53.6
2008,New Jersey,53.63
2009,New Jersey,52.73
2010,New Jersey,54.68
2011,New Jersey,54.88
2012,New Jersey,55.87
2013,New Jersey,53.23
2014,New Jersey,51.94
2015,New Jersey,53.86
2016,New Jersey,54.98
1956,New Mexico,53.41
1957,New Mexico,53.13
1958,New Mexico,53.21
1959,New Mexico,52.99
1960,New Mexico,52.25
1961,New Mexico,52.17
1962,New Mexico,53.29
1963,New Mexico,53.55
1964,New Mexico,51.73
1965,New Mexico,52.58
1966,New Mexico,52.57
1967,New Mexico,53.02
1968,New Mexico,51.97
1969,New Mexico,53.17
1970,New Mexico,52.25
1971,New Mexico,52.22
1972,New Mexico,53.04
1973,New Mexico,51.48
1974,New Mexico,52.78
1975,New Mexico,51.37
1976,New Mexico,51.88
1977,New Mexico,53.71
1978,New Mexico,53.23
1979,New Mexico,51.8
1980,New Mexico,53.65
1981,New Mexico,54.36
1982,New Mexico,52.58
1983,New Mexico,52.51
1984,New Mexico,52.41
1985,New Mexico,52.84
1986,New Mexico,53.58
1987,New Mexico,51.92
1988,New Mexico,52.63
1989,New Mexico,54.0
1990,New Mexico,53.28
1991,New Mexico,52.51
1992,New Mexico,52.56
1993,New Mexico,53.14
1994,New Mexico,54.44
1995,New Mexico,54.32
1996,New Mexico,54.68
1997,New Mexico,52.9
1998,New Mexico,54.18
1999,New Mexico,54.33
2000,New Mexico,55.21
2001,New Mexico,54.57
2002,New Mexico,54.4
2003,New Mexico,55.48
2004,New Mexico,53.54
2005,New Mexico,54.72
2006,New Mexico,54.77
2007,New Mexico,54.22
2008,New Mexico,53.64
2009,New Mexico,54.28
2010,New Mexico,54.18
2011,New Mexico,54.62
2012,New Mexico,56.01
2013,New Mexico,53.68
2014,New Mexico,54.82
2015,New Mexico,54.94
2016,New Mexico,55.52
1956,New York,43.84
1957,New York,45.38
1958,New York,43.09
1959,New York,45.43
1960,New York,44.27
1961,New York,44.78
1962,New York,43.46
1963,New York,43.31
1964,New York,44.93
1965,New York,43.68
1966,New York,44.07
1967,New York,43.76
1968,New York,43.93
1969,New York,44.16
1970,New York,44.08
1971,New York,44.34
1972,New York,43.09
1973,New York,46.38
1974,New York,44.2
1975,New York,45.48
1976,New York,43.2
1977,New York,44.5
1978,New York,42.87
1979,New York,44.61
1980,New York,43.62
1981,New York,44.65
1982,New York,44.36
1983,New York,45.53
1984,New York,45.2
1985,New York,44.69
1986,New York,45.09
1987,New York,45.67
1988,New York,44.85
1989,New York,43.8
1990,New York,47.27
1991,New York,47.09
1992,New York,43.77
1993,New York,44.18
1994,New York,44.34
1995,New York,45.23
1996,New York,44.56
1997,New York,44.33
1998,New York,48.34
1999,New York,46.9
2000,New York,44.88
2001,New York,46.94
2002,New York,46.83
2003,New York,44.52
2004,New York,45.17
2005,New York,46.22
2006,New York,47.64
2007,New York,45.66
2008,New York,45.79
2009,New York,45.02
2010,New York,47.25
2011,New York,47.13
2012,New York,48.85
2013,New York,45.73
2014,New York,44.53
2015,New York,45.69
2016,New York,47.62
1956,North Carolina,59.13
1957,North Carolina,59.3
1958,North Carolina,56.78
1959,North Carolina,59.1
1960,North Carolina,57.2
1961,North Carolina,57.95
1962,North Carolina,57.6
1963,North Carolina,56.71
1964,North Carolina,58.08
1965,North Carolina,58.18
1966,North Carolina,56.86
1967,North Carolina,57.15
1968,North Carolina,57.23
1969,North Carolina,56.96
1970,North Carolina,58.44
1971,North Carolina,58.69
1972,North Carolina,58.04
1973,North Carolina,58.95
1974,North Carolina,59.02
1975,North Carolina,59.33
1976,North Carolina,57.3
1977,North Carolina,58.32
1978,North Carolina,57.45
1979,North Carolina,57.63
1980,North Carolina,57.92
1981,North Carolina,57.19
1982,North Carolina,58.55
1983,North Carolina,57.86
1984,North Carolina,58.63
1985,North Carolina,59.2
1986,North Carolina,59.79
1987,North Carolina,58.47
1988,North Carolina,57.28
1989,North Carolina,58.23
1990,North Carolina,61.09
1991,North Carolina,60.23
1992,North Carolina,58.21
1993,North Carolina,58.73
1994,North Carolina,59.02
1995,North Carolina,58.45
1996,North Carolina,57.79
1997,North Carolina,58.1
1998,North Carolina,60.83
1999,North Carolina,59.7
2000,North Carolina,58.38
2001,North Carolina,59.4
2002,North Carolina,59.98
2003,North Carolina,58.73
2004,North Carolina,59.34
2005,North Carolina,59.43
2006,North Carolina,59.83
2007,North Carolina,60.48
2008,North Carolina,59.33
2009,North Carolina,58.88
2010,North Carolina,59.03
2011,North Carolina,60.41
2012,North Carolina,60.73
2013,North Carolina,58.56
2014,North Carolina,58.35
2015,North Carolina,60.53
2016,North Carolina,60.86
1956,North Dakota,39.1
1957,North Dakota,40.06
1958,North Dakota,40.62
1959,North Dakota,39.48
1960,North Dakota,39.6
1961,North Dakota,41.09
1962,North Dakota,39.85
1963,North Dakota,41.93
1964,North Dakota,39.75
1965,North Dakota,37.67
1966,North Dakota,38.09
1967,North Dakota,39.3
1968,North Dakota,39.48
1969,North Dakota,38.73
1970,North Dakota,38.43
1971,North Dakota,39.07
1972,North Dakota,37.58
1973,North Dakota,41.77
1974,North Dakota,39.91
1975,North Dakota,39.44
1976,North Dakota,41.27
1977,North Dakota,41.07
1978,North Dakota,38.15
1979,North Dakota,37.23
1980,North Dakota,41.17
1981,North Dakota,43.22
1982,North Dakota,37.84
1983,North Dakota,41.14
1984,North Dakota,41.05
1985,North Dakota,38.24
1986,North Dakota,41.66
1987,North Dakota,45.03
1988,North Dakota,42.43
1989,North Dakota,39.4
1990,North Dakota,42.57
1991,North Dakota,42.33
1992,North Dakota,41.24
1993,North Dakota,38.28
1994,North Dakota,39.99
1995,North Dakota,39.63
1996,North Dakota,36.52
1997,North Dakota,40.69
1998,North Dakota,43.21
1999,North Dakota,42.96
2000,North Dakota,41.08
2001,North Dakota,42.25
2002,North Dakota,41.0
2003,North Dakota,40.78
2004,North Dakota,40.54
2005,North Dakota,42.4
2006,North Dakota,43.83
2007,North Dakota,41.77
2008,North Dakota,39.33
2009,North Dakota,38.52
2010,North Dakota,40.88
2011,North Dakota,40.67
2012,North Dakota,44.13
2013,North Dakota,38.8
2014,North Dakota,38.99
2015,North Dakota,43.38
2016,North Dakota,44.33
1956,Ohio,50.65
1957,Ohio,50.77
1958,Ohio,48.36
1959,Ohio,51.27
1960,Ohio,49.22
1961,Ohio,50.02
1962,Ohio,49.43
1963,Ohio,48.5
1964,Ohio,50.88
1965,Ohio,50.45
1966,Ohio,49.13
1967,Ohio,49.49
1968,Ohio,49.73
1969,Ohio,49.38
1970,Ohio,50.57
1971,Ohio,50.57
1972,Ohio,49.37
1973,Ohio,52.17
1974,Ohio,50.4
1975,Ohio,51.13
1976,Ohio,48.91
1977,Ohio,50.03
1978,Ohio,48.32
1979,Ohio,48.88
1980,Ohio,49.32
1981,Ohio,49.57
1982,Ohio,50.32
1983,Ohio,51.05
1984,Ohio,50.38
1985,Ohio,50.42
1986,Ohio,51.64
1987,Ohio,52.27
1988,Ohio,50.37
1989,Ohio,49.43
1990,Ohio,52.67
1991,Ohio,53.13
1992,Ohio,50.29
1993,Ohio,50.41
1994,Ohio,50.47
1995,Ohio,50.34
1996,Ohio,49.53
1997,Ohio,49.94
1998,Ohio,54.1
1999,Ohio,52.32
2000,Ohio,50.79
2001,Ohio,52.37
2002,Ohio,52.55
2003,Ohio,50.23
2004,Ohio,51.35
2005,Ohio,51.8
2006,Ohio,52.71
2007,Ohio,52.27
2008,Ohio,50.63
2009,Ohio,50.54
2010,Ohio,51.71
2011,Ohio,52.31
2012,Ohio,54.03
2013,Ohio,50.88
2014,Ohio,49.2
2015,Ohio,51.63
2016,Ohio,53.55
1956,Oklahoma,61.56
1957,Oklahoma,59.03
1958,Oklahoma,58.68
1959,Oklahoma,58.88
1960,Oklahoma,58.35
1961,Oklahoma,58.22
1962,Oklahoma,59.79
1963,Oklahoma,60.78
1964,Oklahoma,60.09
1965,Oklahoma,60.37
1966,Oklahoma,58.59
1967,Oklahoma,59.5
1968,Oklahoma,58.18
1969,Oklahoma,59.09
1970,Oklahoma,59.27
1971,Oklahoma,59.5
1972,Oklahoma,59.19
1973,Oklahoma,59.03
1974,Oklahoma,59.58
1975,Oklahoma,58.67
1976,Oklahoma,58.62
1977,Oklahoma,60.72
1978,Oklahoma,58.48
1979,Oklahoma,57.38
1980,Oklahoma,60.47
1981,Oklahoma,60.46
1982,Oklahoma,58.95
1983,Oklahoma,57.99
1984,Oklahoma,59.4
1985,Oklahoma,58.73
1986,Oklahoma,60.77
1987,Oklahoma,59.61
1988,Oklahoma,59.16
1989,Oklahoma,58.08
1990,Oklahoma,60.66
1991,Oklahoma,60.28
1992,Oklahoma,59.35
1993,Oklahoma,58.13
1994,Oklahoma,59.72
1995,Oklahoma,59.39
1996,Oklahoma,58.98
1997,Oklahoma,58.74
1998,Oklahoma,62.1
1999,Oklahoma,61.35
2000,Oklahoma,60.31
2001,Oklahoma,60.79
2002,Oklahoma,59.43
2003,Oklahoma,59.87
2004,Oklahoma,60.15
2005,Oklahoma,60.84
2006,Oklahoma,62.16
2007,Oklahoma,60.05
2008,Oklahoma,59.57
2009,Oklahoma,59.43
2010,Oklahoma,60.32
2011,Oklahoma,61.64
2012,Oklahoma,63.16
2013,Oklahoma,58.83
2014,Oklahoma,58.9
2015,Oklahoma,60.82
2016,Oklahoma,62.21
1956,Oregon,46.05
1957,Oregon,45.96
1958,Oregon,49.01
1959,Oregon,46.82
1960,Oregon,46.51
1961,Oregon,47.6
1962,Oregon,46.43
1963,Oregon,47.06
1964,Oregon,45.34
1965,Oregon,46.88
1966,Oregon,47.43
1967,Oregon,47.8
1968,Oregon,47.2
1969,Oregon,46.46
1970,Oregon,46.73
1971,Oregon,45.82
1972,Oregon,46.32
1973,Oregon,47.29
1974,Oregon,47.03
1975,Oregon,45.82
1976,Oregon,46.45
1977,Oregon,47.0
1978,Oregon,46.56
1979,Oregon,46.93
1980,Oregon,47.04
1981,Oregon,47.82
1982,Oregon,45.44
1983,Oregon,46.95
1984,Oregon,45.65
1985,Oregon,44.58
1986,Oregon,48.13
1987,Oregon,48.35
1988,Oregon,47.92
1989,Oregon,46.53
1990,Oregon,47.42
1991,Oregon,47.63
1992,Oregon,49.44
1993,Oregon,45.48
1994,Oregon,47.85
1995,Oregon,48.09
1996,Oregon,47.64
1997,Oregon,47.77
1998,Oregon,47.82
1999,Oregon,47.19
2000,Oregon,47.47
2001,Oregon,47.78
2002,Oregon,47.72
2003,Oregon,49.04
2004,Oregon,48.46
2005,Oregon,47.71
2006,Oregon,47.96
2007,Oregon,47.79
2008,Oregon,46.8
2009,Oregon,47.27
2010,Oregon,47.13
2011,Oregon,46.28
2012,Oregon,48.02
2013,Oregon,47.65
2014,Oregon,49.63
2015,Oregon,50.36
2016,Oregon,48.77
1956,Pennsylvania,47.88
1957,Pennsylvania,48.76
1958,Pennsylvania,46.27
1959,Pennsylvania,49.25
1960,Pennsylvania,47.21
1961,Pennsylvania,47.95
1962,Pennsylvania,46.9
1963,Pennsylvania,46.51
1964,Pennsylvania,48.05
1965,Pennsylvania,47.62
1966,Pennsylvania,47.27
1967,Pennsylvania,47.03
1968,Pennsylvania,47.62
1969,Pennsylvania,47.53
1970,Pennsylvania,48.09
1971,Pennsylvania,48.22
1972,Pennsylvania,47.18
1973,Pennsylvania,49.7
1974,Pennsylvania,48.17
1975,Pennsylvania,48.91
1976,Pennsylvania,46.83
1977,Pennsylvania,47.89
1978,Pennsylvania,46.44
1979,Pennsylvania,47.48
1980,Pennsylvania,47.33
1981,Pennsylvania,47.51
1982,Pennsylvania,47.92
1983,Pennsylvania,48.7
1984,Pennsylvania,48.24
1985,Pennsylvania,48.51
1986,Pennsylvania,48.79
1987,Pennsylvania,49.21
1988,Pennsylvania,48.08
1989,Pennsylvania,47.47
1990,Pennsylvania,50.69
1991,Pennsylvania,50.74
1992,Pennsylvania,47.66
1993,Pennsylvania,48.23
1994,Pennsylvania,48.01
1995,Pennsylvania,48.48
1996,Pennsylvania,47.62
1997,Pennsylvania,47.97
1998,Pennsylvania,51.77
1999,Pennsylvania,50.01
2000,Pennsylvania,48.5
2001,Pennsylvania,49.94
2002,Pennsylvania,50.3
2003,Pennsylvania,47.98
2004,Pennsylvania,49.07
2005,Pennsylvania,49.5
2006,Pennsylvania,50.76
2007,Pennsylvania,49.51
2008,Pennsylvania,48.85
2009,Pennsylvania,48.45
2010,Pennsylvania,50.1
2011,Pennsylvania,50.44
2012,Pennsylvania,51.8
2013,Pennsylvania,49.02
2014,Pennsylvania,47.43
2015,Pennsylvania,49.49
2016,Pennsylvania,51.01
1956,Rhode Island,48.19
1957,Rhode Island,49.98
1958,Rhode Island,47.37
1959,Rhode Island,49.48
1960,Rhode Island,48.47
1961,Rhode Island,48.73
1962,Rhode Island,47.13
1963,Rhode Island,48.13
1964,Rhode Island,48.49
1965,Rhode Island,48.05
1966,Rhode Island,48.66
1967,Rhode Island,47.68
1968,Rhode Island,48.33
1969,Rhode Island,48.84
1970,Rhode Island,48.36
1971,Rhode Island,49.13
1972,Rhode Island,48.05
1973,Rhode Island,50.81
1974,Rhode Island,49.08
1975,Rhode Island,49.9
1976,Rhode Island,48.32
1977,Rhode Island,49.14
1978,Rhode Island,47.44
1979,Rhode Island,49.7
1980,Rhode Island,48.55
1981,Rhode Island,48.89
1982,Rhode Island,48.61
1983,Rhode Island,50.29
1984,Rhode Island,49.83
1985,Rhode Island,49.16
1986,Rhode Island,48.96
1987,Rhode Island,49.15
1988,Rhode Island,49.03
1989,Rhode Island,48.56
1990,Rhode Island,51.5
1991,Rhode Island,51.38
1992,Rhode Island,48.39
1993,Rhode Island,49.34
1994,Rhode Island,49.55
1995,Rhode Island,49.89
1996,Rhode Island,49.08
1997,Rhode Island,49.43
1998,Rhode Island,52.02
1999,Rhode Island,51.75
2000,Rhode Island,49.45
2001,Rhode Island,51.09
2002,Rhode Island,51.18
2003,Rhode Island,48.98
2004,Rhode Island,49.33
2005,Rhode Island,50.09
2006,Rhode Island,51.85
2007,Rhode Island,50.29
2008,Rhode Island,50.77
2009,Rhode Island,49.77
2010,Rhode Island,51.96
2011,Rhode Island,51.63
2012,Rhode Island,52.88
2013,Rhode Island,50.67
2014,Rhode Island,49.74
2015,Rhode Island,50.43
2016,Rhode Island,52.23
1956,South  Carolina,63.11
1957,South  Carolina,63.07
1958,South  Carolina,60.7
1959,South  Carolina,62.7
1960,South  Carolina,61.04
1961,South  Carolina,61.69
1962,South  Carolina,61.82
1963,South  Carolina,60.74
1964,South  Carolina,61.69
1965,South  Carolina,62.19
1966,South  Carolina,60.69
1967,South  Carolina,61.13
1968,South  Carolina,60.77
1969,South  Carolina,60.7
1970,South  Carolina,62.28
1971,South  Carolina,62.42
1972,South  Carolina,62.08
1973,South  Carolina,62.56
1974,South  Carolina,62.97
1975,South  Carolina,63.15
1976,South  Carolina,60.92
1977,South  Carolina,62.2
1978,South  Carolina,61.57
1979,South  Carolina,61.46
1980,South  Carolina,61.88
1981,South  Carolina,61.22
1982,South  Carolina,62.68
1983,South  Carolina,61.31
1984,South  Carolina,62.43
1985,South  Carolina,63.05
1986,South  Carolina,64.08
1987,South  Carolina,62.32
1988,South  Carolina,61.18
1989,South  Carolina,62.26
1990,South  Carolina,64.97
1991,South  Carolina,63.77
1992,South  Carolina,61.94
1993,South  Carolina,62.57
1994,South  Carolina,62.8
1995,South  Carolina,62.49
1996,South  Carolina,61.78
1997,South  Carolina,62.16
1998,South  Carolina,64.71
1999,South  Carolina,63.39
2000,South  Carolina,62.25
2001,South  Carolina,63.29
2002,South  Carolina,63.71
2003,South  Carolina,62.36
2004,South  Carolina,63.18
2005,South  Carolina,63.07
2006,South  Carolina,63.63
2007,South  Carolina,64.3
2008,South  Carolina,62.95
2009,South  Carolina,62.68
2010,South  Carolina,62.57
2011,South  Carolina,64.12
2012,South  Carolina,64.52
2013,South  Carolina,62.33
2014,South  Carolina,62.22
2015,South  Carolina,64.47
2016,South  Carolina,64.87
1956,South Dakota,44.57
1957,South Dakota,44.25
1958,South Dakota,45.03
1959,South Dakota,44.38
1960,South Dakota,43.68
1961,South Dakota,45.1
1962,South Dakota,44.31
1963,South Dakota,46.48
1964,South Dakota,44.85
1965,South Dakota,43.34
1966,South Dakota,43.31
1967,South Dakota,44.24
1968,South Dakota,44.21
1969,South Dakota,43.63
1970,South Dakota,43.66
1971,South Dakota,43.73
1972,South Dakota,42.57
1973,South Dakota,45.97
1974,South Dakota,45.95
1975,South Dakota,44.0
1976,South Dakota,46.15
1977,South Dakota,45.56
1978,South Dakota,42.18
1979,South Dakota,42.58
1980,South Dakota,46.24
1981,South Dakota,47.53
1982,South Dakota,43.02
1983,South Dakota,44.98
1984,South Dakota,45.05
1985,South Dakota,42.93
1986,South Dakota,45.78
1987,South Dakota,48.57
1988,South Dakota,46.71
1989,South Dakota,44.27
1990,South Dakota,46.93
1991,South Dakota,46.77
1992,South Dakota,45.6
1993,South Dakota,42.3
1994,South Dakota,44.87
1995,South Dakota,44.7
1996,South Dakota,41.63
1997,South Dakota,44.8
1998,South Dakota,47.41
1999,South Dakota,47.81
2000,South Dakota,45.96
2001,South Dakota,46.49
2002,South Dakota,46.24
2003,South Dakota,46.06
2004,South Dakota,46.31
2005,South Dakota,47.34
2006,South Dakota,48.15
2007,South Dakota,46.8
2008,South Dakota,43.86
2009,South Dakota,43.57
2010,South Dakota,45.14
2011,South Dakota,44.77
2012,South Dakota,49.27
2013,South Dakota,44.04
2014,South Dakota,43.69
2015,South Dakota,47.56
2016,South Dakota,48.32
1956,Tennessee,58.56
1957,Tennessee,58.49
1958,Tennessee,55.63
1959,Tennessee,57.78
1960,Tennessee,55.83
1961,Tennessee,56.71
1962,Tennessee,57.2
1963,Tennessee,56.05
1964,Tennessee,57.45
1965,Tennessee,57.75
1966,Tennessee,56.19
1967,Tennessee,56.68
1968,Tennessee,56.07
1969,Tennessee,56.13
1970,Tennessee,57.06
1971,Tennessee,57.65
1972,Tennessee,57.2
1973,Tennessee,58.25
1974,Tennessee,57.69
1975,Tennessee,57.82
1976,Tennessee,55.52
1977,Tennessee,57.28
1978,Tennessee,56.15
1979,Tennessee,55.85
1980,Tennessee,57.26
1981,Tennessee,56.68
1982,Tennessee,57.62
1983,Tennessee,56.69
1984,Tennessee,57.5
1985,Tennessee,57.27
1986,Tennessee,58.84
1987,Tennessee,58.36
1988,Tennessee,56.74
1989,Tennessee,56.58
1990,Tennessee,59.43
1991,Tennessee,59.1
1992,Tennessee,56.99
1993,Tennessee,57.17
1994,Tennessee,57.63
1995,Tennessee,57.45
1996,Tennessee,56.55
1997,Tennessee,56.83
1998,Tennessee,60.15
1999,Tennessee,59.28
2000,Tennessee,58.0
2001,Tennessee,58.25
2002,Tennessee,58.72
2003,Tennessee,57.51
2004,Tennessee,58.51
2005,Tennessee,58.75
2006,Tennessee,58.9
2007,Tennessee,59.94
2008,Tennessee,57.63
2009,Tennessee,57.58
2010,Tennessee,57.92
2011,Tennessee,58.94
2012,Tennessee,60.35
2013,Tennessee,57.13
2014,Tennessee,56.62
2015,Tennessee,59.03
2016,Tennessee,60.3
1956,Texas,65.97
1957,Texas,64.63
1958,Texas,63.44
1959,Texas,63.71
1960,Texas,63.66
1961,Texas,63.46
1962,Texas,65.16
1963,Texas,65.2
1964,Texas,64.67
1965,Texas,65.09
1966,Texas,63.48
1967,Texas,64.87
1968,Texas,63.11
1969,Texas,64.53
1970,Texas,63.73
1971,Texas,64.93
1972,Texas,64.43
1973,Texas,63.73
1974,Texas,64.53
1975,Texas,63.78
1976,Texas,62.82
1977,Texas,65.28
1978,Texas,63.78
1979,Texas,62.88
1980,Texas,64.98
1981,Texas,64.98
1982,Texas,64.65
1983,Texas,63.38
1984,Texas,64.79
1985,Texas,64.38
1986,Texas,65.52
1987,Texas,63.81
1988,Texas,64.33
1989,Texas,64.28
1990,Texas,65.62
1991,Texas,64.77
1992,Texas,64.4
1993,Texas,64.08
1994,Texas,65.58
1995,Texas,65.22
1996,Texas,65.44
1997,Texas,63.93
1998,Texas,67.03
1999,Texas,66.62
2000,Texas,66.48
2001,Texas,65.7
2002,Texas,65.03
2003,Texas,65.5
2004,Texas,65.25
2005,Texas,65.99
2006,Texas,67.13
2007,Texas,64.84
2008,Texas,65.53
2009,Texas,65.77
2010,Texas,65.11
2011,Texas,67.34
2012,Texas,67.78
2013,Texas,65.13
2014,Texas,64.86
2015,Texas,65.81
2016,Texas,67.17
1956,Utah,47.94
1957,Utah,47.32
1958,Utah,49.24
1959,Utah,48.48
1960,Utah,48.13
1961,Utah,47.74
1962,Utah,47.88
1963,Utah,48.4
1964,Utah,46.08
1965,Utah,47.07
1966,Utah,48.07
1967,Utah,47.46
1968,Utah,46.53
1969,Utah,48.03
1970,Utah,47.45
1971,Utah,46.64
1972,Utah,48.08
1973,Utah,46.21
1974,Utah,47.73
1975,Utah,45.72
1976,Utah,47.48
1977,Utah,48.94
1978,Utah,47.86
1979,Utah,46.65
1980,Utah,48.47
1981,Utah,50.01
1982,Utah,46.4
1983,Utah,47.78
1984,Utah,45.88
1985,Utah,46.99
1986,Utah,49.27
1987,Utah,48.4
1988,Utah,48.47
1989,Utah,48.58
1990,Utah,48.7
1991,Utah,47.47
1992,Utah,48.98
1993,Utah,46.83
1994,Utah,49.67
1995,Utah,49.18
1996,Utah,49.58
1997,Utah,48.19
1998,Utah,48.3
1999,Utah,49.17
2000,Utah,50.22
2001,Utah,49.98
2002,Utah,48.84
2003,Utah,50.6
2004,Utah,48.7
2005,Utah,49.33
2006,Utah,49.17
2007,Utah,49.9
2008,Utah,48.12
2009,Utah,48.45
2010,Utah,48.32
2011,Utah,47.63
2012,Utah,50.94
2013,Utah,47.76
2014,Utah,50.44
2015,Utah,50.74
2016,Utah,50.24
1956,Vermont,40.61
1957,Vermont,42.38
1958,Vermont,40.14
1959,Vermont,42.17
1960,Vermont,41.68
1961,Vermont,41.78
1962,Vermont,40.15
1963,Vermont,40.46
1964,Vermont,41.57
1965,Vermont,40.52
1966,Vermont,41.28
1967,Vermont,40.72
1968,Vermont,40.77
1969,Vermont,41.54
1970,Vermont,41.04
1971,Vermont,41.05
1972,Vermont,40.06
1973,Vermont,43.44
1974,Vermont,41.2
1975,Vermont,42.48
1976,Vermont,40.47
1977,Vermont,41.87
1978,Vermont,40.02
1979,Vermont,42.42
1980,Vermont,40.6
1981,Vermont,42.23
1982,Vermont,41.3
1983,Vermont,42.63
1984,Vermont,42.53
1985,Vermont,41.48
1986,Vermont,41.83
1987,Vermont,42.19
1988,Vermont,41.76
1989,Vermont,40.73
1990,Vermont,44.05
1991,Vermont,43.52
1992,Vermont,40.62
1993,Vermont,41.18
1994,Vermont,41.32
1995,Vermont,42.33
1996,Vermont,42.01
1997,Vermont,41.07
1998,Vermont,45.18
1999,Vermont,44.28
2000,Vermont,41.82
2001,Vermont,43.79
2002,Vermont,43.57
2003,Vermont,41.49
2004,Vermont,41.85
2005,Vermont,43.42
2006,Vermont,45.06
2007,Vermont,42.18
2008,Vermont,43.05
2009,Vermont,42.28
2010,Vermont,44.89
2011,Vermont,44.3
2012,Vermont,45.85
2013,Vermont,43.23
2014,Vermont,41.95
2015,Vermont,42.63
2016,Vermont,44.64
1956,Virginia,55.29
1957,Virginia,55.64
1958,Virginia,52.96
1959,Virginia,55.82
1960,Virginia,53.6
1961,Virginia,54.27
1962,Virginia,53.5
1963,Virginia,53.27
1964,Virginia,54.54
1965,Virginia,54.63
1966,Virginia,53.34
1967,Virginia,53.38
1968,Virginia,53.82
1969,Virginia,53.45
1970,Virginia,54.77
1971,Virginia,54.88
1972,Virginia,54.18
1973,Virginia,55.63
1974,Virginia,55.27
1975,Virginia,55.42
1976,Virginia,53.84
1977,Virginia,54.75
1978,Virginia,53.59
1979,Virginia,53.83
1980,Virginia,54.41
1981,Virginia,53.67
1982,Virginia,54.7
1983,Virginia,54.47
1984,Virginia,55.03
1985,Virginia,55.42
1986,Virginia,55.66
1987,Virginia,55.22
1988,Virginia,53.93
1989,Virginia,54.37
1990,Virginia,57.39
1991,Virginia,56.97
1992,Virginia,54.42
1993,Virginia,55.06
1994,Virginia,55.31
1995,Virginia,54.98
1996,Virginia,54.02
1997,Virginia,54.51
1998,Virginia,57.45
1999,Virginia,56.27
2000,Virginia,54.91
2001,Virginia,55.85
2002,Virginia,56.58
2003,Virginia,54.95
2004,Virginia,55.88
2005,Virginia,55.95
2006,Virginia,56.58
2007,Virginia,56.8
2008,Virginia,55.71
2009,Virginia,55.17
2010,Virginia,55.93
2011,Virginia,56.99
2012,Virginia,57.56
2013,Virginia,55.12
2014,Virginia,54.45
2015,Virginia,56.53
2016,Virginia,57.18
1956,Washington,45.29
1957,Washington,45.53
1958,Washington,49.0
1959,Washington,45.51
1960,Washington,45.65
1961,Washington,46.97
1962,Washington,46.15
1963,Washington,46.67
1964,Washington,44.76
1965,Washington,46.74
1966,Washington,46.93
1967,Washington,47.84
1968,Washington,46.35
1969,Washington,45.5
1970,Washington,45.98
1971,Washington,45.39
1972,Washington,45.28
1973,Washington,46.52
1974,Washington,46.74
1975,Washington,45.23
1976,Washington,45.92
1977,Washington,46.23
1978,Washington,45.93
1979,Washington,46.37
1980,Washington,46.06
1981,Washington,47.29
1982,Washington,45.52
1983,Washington,46.71
1984,Washington,45.33
1985,Washington,43.93
1986,Washington,47.33
1987,Washington,48.25
1988,Washington,47.28
1989,Washington,46.58
1990,Washington,47.27
1991,Washington,47.13
1992,Washington,48.67
1993,Washington,45.57
1994,Washington,47.9
1995,Washington,47.55
1996,Washington,45.61
1997,Washington,47.12
1998,Washington,48.63
1999,Washington,46.94
2000,Washington,46.18
2001,Washington,46.89
2002,Washington,46.93
2003,Washington,48.19
2004,Washington,48.39
2005,Washington,47.35
2006,Washington,47.52
2007,Washington,46.8
2008,Washington,45.76
2009,Washington,46.37
2010,Washington,47.08
2011,Washington,45.52
2012,Washington,47.06
2013,Washington,47.15
2014,Washington,48.38
2015,Washington,49.98
2016,Washington,48.62
1956,West Virginia,51.87
1957,West Virginia,52.52
1958,West Virginia,49.36
1959,West Virginia,52.42
1960,West Virginia,50.05
1961,West Virginia,50.97
1962,West Virginia,50.58
1963,West Virginia,49.27
1964,West Virginia,51.34
1965,West Virginia,51.51
1966,West Virginia,50.01
1967,West Virginia,50.39
1968,West Virginia,50.25
1969,West Virginia,50.12
1970,West Virginia,51.62
1971,West Virginia,51.51
1972,West Virginia,50.87
1973,West Virginia,52.68
1974,West Virginia,51.83
1975,West Virginia,52.26
1976,West Virginia,49.81
1977,West Virginia,50.87
1978,West Virginia,49.93
1979,West Virginia,50.19
1980,West Virginia,50.5
1981,West Virginia,50.02
1982,West Virginia,51.63
1983,West Virginia,51.23
1984,West Virginia,51.62
1985,West Virginia,51.64
1986,West Virginia,52.34
1987,West Virginia,52.33
1988,West Virginia,50.93
1989,West Virginia,50.88
1990,West Virginia,53.93
1991,West Virginia,53.85
1992,West Virginia,51.27
1993,West Virginia,51.87
1994,West Virginia,51.8
1995,West Virginia,51.57
1996,West Virginia,50.75
1997,West Virginia,51.0
1998,West Virginia,54.25
1999,West Virginia,53.03
2000,West Virginia,51.78
2001,West Virginia,52.69
2002,West Virginia,53.23
2003,West Virginia,51.6
2004,West Virginia,52.74
2005,West Virginia,52.76
2006,West Virginia,53.03
2007,West Virginia,53.3
2008,West Virginia,51.79
2009,West Virginia,51.75
2010,West Virginia,52.05
2011,West Virginia,53.5
2012,West Virginia,54.32
2013,West Virginia,51.77
2014,West Virginia,50.79
2015,West Virginia,53.14
2016,West Virginia,54.15
1956,Wisconsin,42.11
1957,Wisconsin,42.17
1958,Wisconsin,42.02
1959,Wisconsin,41.93
1960,Wisconsin,42.09
1961,Wisconsin,42.9
1962,Wisconsin,41.63
1963,Wisconsin,42.05
1964,Wisconsin,43.43
1965,Wisconsin,41.27
1966,Wisconsin,41.47
1967,Wisconsin,40.9
1968,Wisconsin,43.01
1969,Wisconsin,41.69
1970,Wisconsin,42.09
1971,Wisconsin,42.02
1972,Wisconsin,39.95
1973,Wisconsin,44.32
1974,Wisconsin,42.18
1975,Wisconsin,42.62
1976,Wisconsin,41.38
1977,Wisconsin,42.94
1978,Wisconsin,41.0
1979,Wisconsin,40.42
1980,Wisconsin,42.16
1981,Wisconsin,43.48
1982,Wisconsin,41.44
1983,Wisconsin,43.36
1984,Wisconsin,43.25
1985,Wisconsin,41.41
1986,Wisconsin,43.29
1987,Wisconsin,46.32
1988,Wisconsin,43.43
1989,Wisconsin,41.11
1990,Wisconsin,44.55
1991,Wisconsin,43.72
1992,Wisconsin,42.73
1993,Wisconsin,41.72
1994,Wisconsin,42.97
1995,Wisconsin,42.81
1996,Wisconsin,40.48
1997,Wisconsin,42.64
1998,Wisconsin,47.31
1999,Wisconsin,45.39
2000,Wisconsin,43.87
2001,Wisconsin,45.33
2002,Wisconsin,44.58
2003,Wisconsin,43.2
2004,Wisconsin,43.52
2005,Wisconsin,45.07
2006,Wisconsin,46.0
2007,Wisconsin,44.74
2008,Wisconsin,41.79
2009,Wisconsin,42.41
2010,Wisconsin,45.48
2011,Wisconsin,44.15
2012,Wisconsin,47.39
2013,Wisconsin,41.77
2014,Wisconsin,40.23
2015,Wisconsin,44.82
2016,Wisconsin,46.21
1956,Wyoming,41.14
1957,Wyoming,40.4
1958,Wyoming,41.98
1959,Wyoming,40.68
1960,Wyoming,41.05
1961,Wyoming,40.98
1962,Wyoming,41.1
1963,Wyoming,42.48
1964,Wyoming,39.55
1965,Wyoming,40.25
1966,Wyoming,41.21
1967,Wyoming,40.83
1968,Wyoming,39.81
1969,Wyoming,41.1
1970,Wyoming,40.35
1971,Wyoming,40.01
1972,Wyoming,40.17
1973,Wyoming,39.84
1974,Wyoming,41.23
1975,Wyoming,39.43
1976,Wyoming,41.34
1977,Wyoming,42.0
1978,Wyoming,39.39
1979,Wyoming,40.0
1980,Wyoming,41.97
1981,Wyoming,43.73
1982,Wyoming,39.84
1983,Wyoming,40.93
1984,Wyoming,39.9
1985,Wyoming,39.18
1986,Wyoming,42.32
1987,Wyoming,42.51
1988,Wyoming,42.8
1989,Wyoming,41.18
1990,Wyoming,41.85
1991,Wyoming,41.72
1992,Wyoming,42.49
1993,Wyoming,38.89
1994,Wyoming,42.92
1995,Wyoming,41.67
1996,Wyoming,41.04
1997,Wyoming,41.21
1998,Wyoming,42.55
1999,Wyoming,43.17
2000,Wyoming,42.54
2001,Wyoming,43.2
2002,Wyoming,41.38
2003,Wyoming,43.05
2004,Wyoming,42.41
2005,Wyoming,42.85
2006,Wyoming,43.18
2007,Wyoming,43.32
2008,Wyoming,40.7
2009,Wyoming,40.93
2010,Wyoming,41.96
2011,Wyoming,41.06
2012,Wyoming,44.8
2013,Wyoming,41.68
2014,Wyoming,42.13
2015,Wyoming,44.16
2016,Wyoming,43.84
